{
  "MultinomialNB": {
    "accuracy": 0.9551224944320713,
    "precision": 0.954093505394542,
    "recall": 0.9603918228279387,
    "f1": 0.957232303937175,
    "roc_auc": 0.9899489821482255
  },
  "LogisticRegression": {
    "accuracy": 0.987750556792873,
    "precision": 0.9907962328767124,
    "recall": 0.985732538330494,
    "f1": 0.9882578992314262,
    "roc_auc": 0.999267509388764
  },
  "LinearSVC": {
    "accuracy": 0.9959910913140312,
    "precision": 0.9959557258407833,
    "recall": 0.9963798977853492,
    "f1": 0.99616776665957,
    "roc_auc": 0.9998707603427515
  },
  "XGBClassifier": {
    "accuracy": 0.9975501113585746,
    "precision": 0.998719590268886,
    "recall": 0.9965928449744463,
    "f1": 0.9976550842037945,
    "roc_auc": 0.9998588802357968
  }
}